generated_at,2026-10-09T13:30:42.190762+03:00
symbol,name,exchange,last_price,prev_close,change_abs,change_pct,last_updated,etb
NVR,"NVR, Inc. Common Stock",NYSE,6002.55,5931.62,70.9297,1.19579,2026-10-09T10:30:01.206323+00:00,Yes
AZO,"AutoZone, Inc. Common Stock",NYSE,2910.54,2846.27,64.27,2.25804,2026-10-09T10:00:01.257026+00:00,Yes
ASML,ASML Holding N.V. - New York Registry Shares,NASDAQ,1827.68,1769.79,57.890015,3.2710104,2026-10-09T10:00:01.257026+00:00,Yes
HUM,Humana Inc. Common Stock,NYSE,444.5,387.12,57.339996,14.810413,2026-10-09T10:30:01.206323+00:00,Yes
LITE,Lumentum Holdings Inc. - Common Stock,NASDAQ,1095.0,1048.6,46.400024,4.42495,2026-10-09T10:30:01.206323+00:00,Yes
MKL,Markel Group Inc. Common Stock,NYSE,1767.82,1728.2,39.62,2.29256,2026-10-09T10:30:01.206323+00:00,Yes
SNDK,Sandisk Corporation - Common Stock When-Issued,NASDAQ,1640.47,1609.46,31.01001,1.9267339,2026-10-09T10:30:01.206323+00:00,Yes
FIX,"Comfort Systems USA, Inc. Common Stock",NYSE,1735.0,1706.39,28.45996,1.6676996,2026-10-09T10:30:01.206323+00:00,Yes
SITM,SiTime Corporation - Common Stock,NASDAQ,670.0,645.06,24.940002,3.8663075,2026-10-09T10:30:01.206323+00:00,Yes
MPWR,"Monolithic Power Systems, Inc. - Common Stock",NASDAQ,1392.01,1369.8,22.20996,1.6214017,2026-10-09T10:30:01.206323+00:00,Yes
SEB,Seaboard Corporation Common Stock,NYSE American,4063.59,4042.0,21.5901,0.534144,2026-10-09T10:30:01.206323+00:00,Yes
EQIX,"Equinix, Inc. - Common Stock",NASDAQ,1011.16,1031.77,-20.61,-1.99754,2026-10-09T10:30:01.206323+00:00,Yes
MCK,McKesson Corporation Common Stock,NYSE,930.25,910.33,19.92,2.18822,2026-10-09T10:30:01.206323+00:00,Yes
TLN,Talen Energy Corporation - Common Stock,NASDAQ,359.22,378.32,-19.1,-5.04864,2026-10-09T10:30:01.206323+00:00,Yes
ULTA,"Ulta Beauty, Inc. - Common Stock",NASDAQ,564.21,545.48,18.73,3.43368,2026-10-09T10:30:01.206323+00:00,Yes
MU,"Micron Technology, Inc. - Common Stock",NASDAQ,1054.5,1035.84,18.660034,1.8014399,2026-10-09T10:30:01.206323+00:00,Yes
MUSA,Murphy USA Inc. Common Stock,NYSE,536.0,518.22,17.78003,3.4309812,2026-10-09T10:30:01.206323+00:00,Yes
CACI,"CACI International, Inc. Class A Common Stock",NYSE,599.4,581.85,17.55,3.01625,2026-10-09T10:00:01.257026+00:00,Yes
BH.A,Biglari Holdings Inc. Class A Common Stock,NYSE,1807.57,1823.62,-16.05,-0.88012,2026-10-09T10:00:01.257026+00:00,No
MANE,"Veradermics, Incorporated Common Stock",NYSE,126.63,110.95,15.68,14.1325,2026-10-09T10:30:01.206323+00:00,Yes
